{
    "Эспрессо": {
        "description": "Крепкий черный кофе, приготовленный под давлением.",
        "price": 120
    },
    "Капучино": {
        "description": "Эспрессо с молочной пеной и небольшим количеством молока.",
        "price": 150
    },
    "Круассан": {
        "description": "Свежая слоеная выпечка с маслом.",
        "price": 90
    },
    "Сэндвич с курицей": {
        "description": "Свежий хлеб, куриная грудка, листья салата и соус.",
        "price": 180
    },
    "Чизкейк": {
        "description": "Классический десерт из творожного сыра на песочной основе.",
        "price": 160
    }
}